Revision, Author,Date
r1491229,Jimmy,"2015-07-13 11:03:48 +0100 (Mon, 13 Jul 2015)"
r1491229,Jimmy,"2015-07-13 11:03:48 +0100 (Mon, 13 Jul 2015)"
r1491229,Jimmy,"2015-07-13 11:03:48 +0100 (Mon, 13 Jul 2015)"
r1491229,Jimmy,"2015-07-13 11:03:48 +0100 (Mon, 13 Jul 2015)"
r1491229,Jimmy,"2015-07-13 11:03:48 +0100 (Mon, 13 Jul 2015)"
r1491229,Jimmy,"2015-07-13 11:03:48 +0100 (Mon, 13 Jul 2015)"
r1491229,Jimmy,"2015-07-13 11:03:48 +0100 (Mon, 13 Jul 2015)"
r1491229,Jimmy,"2015-07-13 11:03:48 +0100 (Mon, 13 Jul 2015)"
r1491229,Jimmy,"2015-07-13 11:03:48 +0100 (Mon, 13 Jul 2015)"
r1491229,Jimmy,"2015-07-13 11:03:48 +0100 (Mon, 13 Jul 2015)"
r1491229,Jimmy,"2015-07-13 11:03:48 +0100 (Mon, 13 Jul 2015)"
r1491229,Jimmy,"2015-07-13 11:03:48 +0100 (Mon, 13 Jul 2015)"
r1491229,Jimmy,"2015-07-13 11:03:48 +0100 (Mon, 13 Jul 2015)"
r1491229,Jimmy,"2015-07-13 11:03:48 +0100 (Mon, 13 Jul 2015)"
r1491229,Jimmy,"2015-07-13 11:03:48 +0100 (Mon, 13 Jul 2015)"
r1491229,Jimmy,"2015-07-13 11:03:48 +0100 (Mon, 13 Jul 2015)"
r1491229,Jimmy,"2015-07-13 11:03:48 +0100 (Mon, 13 Jul 2015)"
r1491229,Jimmy,"2015-07-13 11:03:48 +0100 (Mon, 13 Jul 2015)"
r1491229,Jimmy,"2015-07-13 11:03:48 +0100 (Mon, 13 Jul 2015)"
r1491229,Jimmy,"2015-07-13 11:03:48 +0100 (Mon, 13 Jul 2015)"
r1491229,Jimmy,"2015-07-13 11:03:48 +0100 (Mon, 13 Jul 2015)"
r1491229,Jimmy,"2015-07-13 11:03:48 +0100 (Mon, 13 Jul 2015)"
r1491229,Jimmy,"2015-07-13 11:03:48 +0100 (Mon, 13 Jul 2015)"
r1491229,Jimmy,"2015-07-13 11:03:48 +0100 (Mon, 13 Jul 2015)"
r1491229,Jimmy,"2015-07-13 11:03:48 +0100 (Mon, 13 Jul 2015)"
r1491229,Jimmy,"2015-07-13 11:03:48 +0100 (Mon, 13 Jul 2015)"
r1491229,Jimmy,"2015-07-13 11:03:48 +0100 (Mon, 13 Jul 2015)"
r1491229,Jimmy,"2015-07-13 11:03:48 +0100 (Mon, 13 Jul 2015)"
r1491229,Jimmy,"2015-07-13 11:03:48 +0100 (Mon, 13 Jul 2015)"
r1491229,Jimmy,"2015-07-13 11:03:48 +0100 (Mon, 13 Jul 2015)"
r1491229,Jimmy,"2015-07-13 11:03:48 +0100 (Mon, 13 Jul 2015)"
r1491229,Jimmy,"2015-07-13 11:03:48 +0100 (Mon, 13 Jul 2015)"
r1491229,Jimmy,"2015-07-13 11:03:48 +0100 (Mon, 13 Jul 2015)"
r1491229,Jimmy,"2015-07-13 11:03:48 +0100 (Mon, 13 Jul 2015)"
r1491229,Jimmy,"2015-07-13 11:03:48 +0100 (Mon, 13 Jul 2015)"
r1491229,Jimmy,"2015-07-13 11:03:48 +0100 (Mon, 13 Jul 2015)"
r1491229,Jimmy,"2015-07-13 11:03:48 +0100 (Mon, 13 Jul 2015)"
r1491229,Jimmy,"2015-07-13 11:03:48 +0100 (Mon, 13 Jul 2015)"
r1491229,Jimmy,"2015-07-13 11:03:48 +0100 (Mon, 13 Jul 2015)"
r1491229,Jimmy,"2015-07-13 11:03:48 +0100 (Mon, 13 Jul 2015)"
r1491229,Jimmy,"2015-07-13 11:03:48 +0100 (Mon, 13 Jul 2015)"
r1491229,Jimmy,"2015-07-13 11:03:48 +0100 (Mon, 13 Jul 2015)"
r1491229,Jimmy,"2015-07-13 11:03:48 +0100 (Mon, 13 Jul 2015)"
r1491229,Jimmy,"2015-07-13 11:03:48 +0100 (Mon, 13 Jul 2015)"
r1491229,Jimmy,"2015-07-13 11:03:48 +0100 (Mon, 13 Jul 2015)"
r1491229,Jimmy,"2015-07-13 11:03:48 +0100 (Mon, 13 Jul 2015)"
r1491229,Jimmy,"2015-07-13 11:03:48 +0100 (Mon, 13 Jul 2015)"
r1491229,Jimmy,"2015-07-13 11:03:48 +0100 (Mon, 13 Jul 2015)"
r1491229,Jimmy,"2015-07-13 11:03:48 +0100 (Mon, 13 Jul 2015)"
r1491229,Jimmy,"2015-07-13 11:03:48 +0100 (Mon, 13 Jul 2015)"
r1491229,Jimmy,"2015-07-13 11:03:48 +0100 (Mon, 13 Jul 2015)"
r1491229,Jimmy,"2015-07-13 11:03:48 +0100 (Mon, 13 Jul 2015)"
r1491229,Jimmy,"2015-07-13 11:03:48 +0100 (Mon, 13 Jul 2015)"
r1491229,Jimmy,"2015-07-13 11:03:48 +0100 (Mon, 13 Jul 2015)"
r1491229,Jimmy,"2015-07-13 11:03:48 +0100 (Mon, 13 Jul 2015)"
r1491229,Jimmy,"2015-07-13 11:03:48 +0100 (Mon, 13 Jul 2015)"
r1491229,Jimmy,"2015-07-13 11:03:48 +0100 (Mon, 13 Jul 2015)"
r1491229,Jimmy,"2015-07-13 11:03:48 +0100 (Mon, 13 Jul 2015)"
r1491229,Jimmy,"2015-07-13 11:03:48 +0100 (Mon, 13 Jul 2015)"
r1491229,Jimmy,"2015-07-13 11:03:48 +0100 (Mon, 13 Jul 2015)"
r1491229,Jimmy,"2015-07-13 11:03:48 +0100 (Mon, 13 Jul 2015)"
r1491229,Jimmy,"2015-07-13 11:03:48 +0100 (Mon, 13 Jul 2015)"
r1491229,Jimmy,"2015-07-13 11:03:48 +0100 (Mon, 13 Jul 2015)"
r1491229,Jimmy,"2015-07-13 11:03:48 +0100 (Mon, 13 Jul 2015)"
r1491229,Jimmy,"2015-07-13 11:03:48 +0100 (Mon, 13 Jul 2015)"
r1491229,Jimmy,"2015-07-13 11:03:48 +0100 (Mon, 13 Jul 2015)"
r1491229,Jimmy,"2015-07-13 11:03:48 +0100 (Mon, 13 Jul 2015)"
r1491229,Jimmy,"2015-07-13 11:03:48 +0100 (Mon, 13 Jul 2015)"
r1491229,Jimmy,"2015-07-13 11:03:48 +0100 (Mon, 13 Jul 2015)"
r1491229,Jimmy,"2015-07-13 11:03:48 +0100 (Mon, 13 Jul 2015)"
r1491229,Jimmy,"2015-07-13 11:03:48 +0100 (Mon, 13 Jul 2015)"
r1491229,Jimmy,"2015-07-13 11:03:48 +0100 (Mon, 13 Jul 2015)"
r1491229,Jimmy,"2015-07-13 11:03:48 +0100 (Mon, 13 Jul 2015)"
r1491229,Jimmy,"2015-07-13 11:03:48 +0100 (Mon, 13 Jul 2015)"
r1491229,Jimmy,"2015-07-13 11:03:48 +0100 (Mon, 13 Jul 2015)"
r1491229,Jimmy,"2015-07-13 11:03:48 +0100 (Mon, 13 Jul 2015)"
r1491229,Jimmy,"2015-07-13 11:03:48 +0100 (Mon, 13 Jul 2015)"
r1491229,Jimmy,"2015-07-13 11:03:48 +0100 (Mon, 13 Jul 2015)"
r1491229,Jimmy,"2015-07-13 11:03:48 +0100 (Mon, 13 Jul 2015)"
r1491229,Jimmy,"2015-07-13 11:03:48 +0100 (Mon, 13 Jul 2015)"
r1491229,Jimmy,"2015-07-13 11:03:48 +0100 (Mon, 13 Jul 2015)"
r1491229,Jimmy,"2015-07-13 11:03:48 +0100 (Mon, 13 Jul 2015)"
r1491229,Jimmy,"2015-07-13 11:03:48 +0100 (Mon, 13 Jul 2015)"
r1491229,Jimmy,"2015-07-13 11:03:48 +0100 (Mon, 13 Jul 2015)"
r1491229,Jimmy,"2015-07-13 11:03:48 +0100 (Mon, 13 Jul 2015)"
r1491229,Jimmy,"2015-07-13 11:03:48 +0100 (Mon, 13 Jul 2015)"
r1491229,Jimmy,"2015-07-13 11:03:48 +0100 (Mon, 13 Jul 2015)"
r1491229,Jimmy,"2015-07-13 11:03:48 +0100 (Mon, 13 Jul 2015)"
r1491229,Jimmy,"2015-07-13 11:03:48 +0100 (Mon, 13 Jul 2015)"
r1491229,Jimmy,"2015-07-13 11:03:48 +0100 (Mon, 13 Jul 2015)"
r1491229,Jimmy,"2015-07-13 11:03:48 +0100 (Mon, 13 Jul 2015)"
r1491229,Jimmy,"2015-07-13 11:03:48 +0100 (Mon, 13 Jul 2015)"
r1491229,Jimmy,"2015-07-13 11:03:48 +0100 (Mon, 13 Jul 2015)"
r1491229,Jimmy,"2015-07-13 11:03:48 +0100 (Mon, 13 Jul 2015)"
r1491229,Jimmy,"2015-07-13 11:03:48 +0100 (Mon, 13 Jul 2015)"
r1491229,Jimmy,"2015-07-13 11:03:48 +0100 (Mon, 13 Jul 2015)"
r1491229,Jimmy,"2015-07-13 11:03:48 +0100 (Mon, 13 Jul 2015)"
r1491229,Jimmy,"2015-07-13 11:03:48 +0100 (Mon, 13 Jul 2015)"
r1491229,Jimmy,"2015-07-13 11:03:48 +0100 (Mon, 13 Jul 2015)"
r1491229,Jimmy,"2015-07-13 11:03:48 +0100 (Mon, 13 Jul 2015)"
r1491229,Jimmy,"2015-07-13 11:03:48 +0100 (Mon, 13 Jul 2015)"
r1491229,Jimmy,"2015-07-13 11:03:48 +0100 (Mon, 13 Jul 2015)"
r1491229,Jimmy,"2015-07-13 11:03:48 +0100 (Mon, 13 Jul 2015)"
r1491229,Jimmy,"2015-07-13 11:03:48 +0100 (Mon, 13 Jul 2015)"
r1491229,Jimmy,"2015-07-13 11:03:48 +0100 (Mon, 13 Jul 2015)"
r1491229,Jimmy,"2015-07-13 11:03:48 +0100 (Mon, 13 Jul 2015)"
r1491229,Jimmy,"2015-07-13 11:03:48 +0100 (Mon, 13 Jul 2015)"
r1491229,Jimmy,"2015-07-13 11:03:48 +0100 (Mon, 13 Jul 2015)"
r1491229,Jimmy,"2015-07-13 11:03:48 +0100 (Mon, 13 Jul 2015)"
r1491229,Jimmy,"2015-07-13 11:03:48 +0100 (Mon, 13 Jul 2015)"
r1491229,Jimmy,"2015-07-13 11:03:48 +0100 (Mon, 13 Jul 2015)"
r1491229,Jimmy,"2015-07-13 11:03:48 +0100 (Mon, 13 Jul 2015)"
r1491229,Jimmy,"2015-07-13 11:03:48 +0100 (Mon, 13 Jul 2015)"
r1491229,Jimmy,"2015-07-13 11:03:48 +0100 (Mon, 13 Jul 2015)"
r1491229,Jimmy,"2015-07-13 11:03:48 +0100 (Mon, 13 Jul 2015)"
r1491229,Jimmy,"2015-07-13 11:03:48 +0100 (Mon, 13 Jul 2015)"
r1491229,Jimmy,"2015-07-13 11:03:48 +0100 (Mon, 13 Jul 2015)"
r1491229,Jimmy,"2015-07-13 11:03:48 +0100 (Mon, 13 Jul 2015)"
r1491229,Jimmy,"2015-07-13 11:03:48 +0100 (Mon, 13 Jul 2015)"
r1491229,Jimmy,"2015-07-13 11:03:48 +0100 (Mon, 13 Jul 2015)"
r1491229,Jimmy,"2015-07-13 11:03:48 +0100 (Mon, 13 Jul 2015)"
r1491229,Jimmy,"2015-07-13 11:03:48 +0100 (Mon, 13 Jul 2015)"
r1491229,Jimmy,"2015-07-13 11:03:48 +0100 (Mon, 13 Jul 2015)"
r1491229,Jimmy,"2015-07-13 11:03:48 +0100 (Mon, 13 Jul 2015)"
r1491229,Jimmy,"2015-07-13 11:03:48 +0100 (Mon, 13 Jul 2015)"
r1491229,Jimmy,"2015-07-13 11:03:48 +0100 (Mon, 13 Jul 2015)"
r1491229,Jimmy,"2015-07-13 11:03:48 +0100 (Mon, 13 Jul 2015)"
r1491229,Jimmy,"2015-07-13 11:03:48 +0100 (Mon, 13 Jul 2015)"
r1491229,Jimmy,"2015-07-13 11:03:48 +0100 (Mon, 13 Jul 2015)"
r1491229,Jimmy,"2015-07-13 11:03:48 +0100 (Mon, 13 Jul 2015)"
r1491229,Jimmy,"2015-07-13 11:03:48 +0100 (Mon, 13 Jul 2015)"
r1491229,Jimmy,"2015-07-13 11:03:48 +0100 (Mon, 13 Jul 2015)"
r1491229,Jimmy,"2015-07-13 11:03:48 +0100 (Mon, 13 Jul 2015)"
r1491229,Jimmy,"2015-07-13 11:03:48 +0100 (Mon, 13 Jul 2015)"
r1491229,Jimmy,"2015-07-13 11:03:48 +0100 (Mon, 13 Jul 2015)"
r1491229,Jimmy,"2015-07-13 11:03:48 +0100 (Mon, 13 Jul 2015)"
r1491229,Jimmy,"2015-07-13 11:03:48 +0100 (Mon, 13 Jul 2015)"
r1491229,Jimmy,"2015-07-13 11:03:48 +0100 (Mon, 13 Jul 2015)"
r1491229,Jimmy,"2015-07-13 11:03:48 +0100 (Mon, 13 Jul 2015)"
r1491229,Jimmy,"2015-07-13 11:03:48 +0100 (Mon, 13 Jul 2015)"
r1491229,Jimmy,"2015-07-13 11:03:48 +0100 (Mon, 13 Jul 2015)"
r1491229,Jimmy,"2015-07-13 11:03:48 +0100 (Mon, 13 Jul 2015)"
r1491229,Jimmy,"2015-07-13 11:03:48 +0100 (Mon, 13 Jul 2015)"
r1491229,Jimmy,"2015-07-13 11:03:48 +0100 (Mon, 13 Jul 2015)"
r1491229,Jimmy,"2015-07-13 11:03:48 +0100 (Mon, 13 Jul 2015)"
r1491229,Jimmy,"2015-07-13 11:03:48 +0100 (Mon, 13 Jul 2015)"
r1491229,Jimmy,"2015-07-13 11:03:48 +0100 (Mon, 13 Jul 2015)"
r1491229,Jimmy,"2015-07-13 11:03:48 +0100 (Mon, 13 Jul 2015)"
r1491229,Jimmy,"2015-07-13 11:03:48 +0100 (Mon, 13 Jul 2015)"
r1491229,Jimmy,"2015-07-13 11:03:48 +0100 (Mon, 13 Jul 2015)"
r1491229,Jimmy,"2015-07-13 11:03:48 +0100 (Mon, 13 Jul 2015)"
r1491229,Jimmy,"2015-07-13 11:03:48 +0100 (Mon, 13 Jul 2015)"
r1491229,Jimmy,"2015-07-13 11:03:48 +0100 (Mon, 13 Jul 2015)"
r1491229,Jimmy,"2015-07-13 11:03:48 +0100 (Mon, 13 Jul 2015)"
r1491229,Jimmy,"2015-07-13 11:03:48 +0100 (Mon, 13 Jul 2015)"
r1491229,Jimmy,"2015-07-13 11:03:48 +0100 (Mon, 13 Jul 2015)"
r1491229,Jimmy,"2015-07-13 11:03:48 +0100 (Mon, 13 Jul 2015)"
r1491229,Jimmy,"2015-07-13 11:03:48 +0100 (Mon, 13 Jul 2015)"
r1491229,Jimmy,"2015-07-13 11:03:48 +0100 (Mon, 13 Jul 2015)"
r1491229,Jimmy,"2015-07-13 11:03:48 +0100 (Mon, 13 Jul 2015)"
r1491229,Jimmy,"2015-07-13 11:03:48 +0100 (Mon, 13 Jul 2015)"
r1491229,Jimmy,"2015-07-13 11:03:48 +0100 (Mon, 13 Jul 2015)"
r1491229,Jimmy,"2015-07-13 11:03:48 +0100 (Mon, 13 Jul 2015)"
r1491229,Jimmy,"2015-07-13 11:03:48 +0100 (Mon, 13 Jul 2015)"
r1491229,Jimmy,"2015-07-13 11:03:48 +0100 (Mon, 13 Jul 2015)"
r1491229,Jimmy,"2015-07-13 11:03:48 +0100 (Mon, 13 Jul 2015)"
r1491229,Jimmy,"2015-07-13 11:03:48 +0100 (Mon, 13 Jul 2015)"
r1491229,Jimmy,"2015-07-13 11:03:48 +0100 (Mon, 13 Jul 2015)"
r1491229,Jimmy,"2015-07-13 11:03:48 +0100 (Mon, 13 Jul 2015)"
r1491229,Jimmy,"2015-07-13 11:03:48 +0100 (Mon, 13 Jul 2015)"
r1491229,Jimmy,"2015-07-13 11:03:48 +0100 (Mon, 13 Jul 2015)"
r1491229,Jimmy,"2015-07-13 11:03:48 +0100 (Mon, 13 Jul 2015)"
r1491229,Jimmy,"2015-07-13 11:03:48 +0100 (Mon, 13 Jul 2015)"
r1491229,Jimmy,"2015-07-13 11:03:48 +0100 (Mon, 13 Jul 2015)"
r1491229,Jimmy,"2015-07-13 11:03:48 +0100 (Mon, 13 Jul 2015)"
r1491229,Jimmy,"2015-07-13 11:03:48 +0100 (Mon, 13 Jul 2015)"
r1491229,Jimmy,"2015-07-13 11:03:48 +0100 (Mon, 13 Jul 2015)"
r1491229,Jimmy,"2015-07-13 11:03:48 +0100 (Mon, 13 Jul 2015)"
r1491229,Jimmy,"2015-07-13 11:03:48 +0100 (Mon, 13 Jul 2015)"
r1491229,Jimmy,"2015-07-13 11:03:48 +0100 (Mon, 13 Jul 2015)"
r1491229,Jimmy,"2015-07-13 11:03:48 +0100 (Mon, 13 Jul 2015)"
r1491229,Jimmy,"2015-07-13 11:03:48 +0100 (Mon, 13 Jul 2015)"
r1491229,Jimmy,"2015-07-13 11:03:48 +0100 (Mon, 13 Jul 2015)"
r1491229,Jimmy,"2015-07-13 11:03:48 +0100 (Mon, 13 Jul 2015)"
r1491229,Jimmy,"2015-07-13 11:03:48 +0100 (Mon, 13 Jul 2015)"
r1491229,Jimmy,"2015-07-13 11:03:48 +0100 (Mon, 13 Jul 2015)"
r1491229,Jimmy,"2015-07-13 11:03:48 +0100 (Mon, 13 Jul 2015)"
r1491229,Jimmy,"2015-07-13 11:03:48 +0100 (Mon, 13 Jul 2015)"
r1491229,Jimmy,"2015-07-13 11:03:48 +0100 (Mon, 13 Jul 2015)"
r1491229,Jimmy,"2015-07-13 11:03:48 +0100 (Mon, 13 Jul 2015)"
r1491229,Jimmy,"2015-07-13 11:03:48 +0100 (Mon, 13 Jul 2015)"
r1491229,Jimmy,"2015-07-13 11:03:48 +0100 (Mon, 13 Jul 2015)"
r1491229,Jimmy,"2015-07-13 11:03:48 +0100 (Mon, 13 Jul 2015)"
r1491229,Jimmy,"2015-07-13 11:03:48 +0100 (Mon, 13 Jul 2015)"
r1491229,Jimmy,"2015-07-13 11:03:48 +0100 (Mon, 13 Jul 2015)"
r1491229,Jimmy,"2015-07-13 11:03:48 +0100 (Mon, 13 Jul 2015)"
r1491229,Jimmy,"2015-07-13 11:03:48 +0100 (Mon, 13 Jul 2015)"
r1491229,Jimmy,"2015-07-13 11:03:48 +0100 (Mon, 13 Jul 2015)"
r1491229,Jimmy,"2015-07-13 11:03:48 +0100 (Mon, 13 Jul 2015)"
r1491229,Jimmy,"2015-07-13 11:03:48 +0100 (Mon, 13 Jul 2015)"
r1491229,Jimmy,"2015-07-13 11:03:48 +0100 (Mon, 13 Jul 2015)"
r1491229,Jimmy,"2015-07-13 11:03:48 +0100 (Mon, 13 Jul 2015)"
r1491229,Jimmy,"2015-07-13 11:03:48 +0100 (Mon, 13 Jul 2015)"
r1491229,Jimmy,"2015-07-13 11:03:48 +0100 (Mon, 13 Jul 2015)"
r1491229,Jimmy,"2015-07-13 11:03:48 +0100 (Mon, 13 Jul 2015)"
r1491229,Jimmy,"2015-07-13 11:03:48 +0100 (Mon, 13 Jul 2015)"
r1491229,Jimmy,"2015-07-13 11:03:48 +0100 (Mon, 13 Jul 2015)"
r1491229,Jimmy,"2015-07-13 11:03:48 +0100 (Mon, 13 Jul 2015)"
r1491229,Jimmy,"2015-07-13 11:03:48 +0100 (Mon, 13 Jul 2015)"
r1491229,Jimmy,"2015-07-13 11:03:48 +0100 (Mon, 13 Jul 2015)"
r1491229,Jimmy,"2015-07-13 11:03:48 +0100 (Mon, 13 Jul 2015)"
